,watch-title,y,watch-view-count,watch-time-text,content_watch-info-tag-list,watch7-headline,watch7-user-header,watch8-sentiment-actions,og:image,og:image:width,og:image:height,og:description,og:video:width,og:video:height,og:video:tag,channel_link_0,p
566,"Women in Data Science (Uber, Facebook, Reddit)",1,"12,443 views","Published on Jul 1, 2019",Education,"#uber #springboard #womenindata



    Women in Data Science (Uber, Facebook, Reddit)","Springboard













Loading...
    







        Unsubscribe from Springboard?
      


Cancel
Unsubscribe










        Working...
    










SubscribeSubscribedUnsubscribe37.3K 











Loading...
    









Loading...
    













        Working...","12,443 views







147

Like this video?

      Sign in to make your opinion count.
    
Sign in



148


8

Don't like this video?

      Sign in to make your opinion count.
    
Sign in



9",https://i.ytimg.com/vi/KI0bTZ3FEQk/maxresdefault.jpg,1280,720,"Chatting data science with data scientists from Uber, Facebook, and Reddit. Learn data science online with a job guarantee: https://workshops.springboard.com...",1280.0,720.0,women in tech,https://www.youtube.com/watch?v=KI0bTZ3FEQk,689
596,Data Science and Artificial Intelligence - Turning Data into Knowledge,1,"1,018 views","Published on Feb 18, 2020",Science & Technology,Data Science and Artificial Intelligence - Turning Data into Knowledge,"astrazeneca













Loading...
    







        Unsubscribe from astrazeneca?
      


Cancel
Unsubscribe










        Working...
    










SubscribeSubscribedUnsubscribe3.4K 











Loading...
    









Loading...
    













        Working...","1,018 views




Like this video?

      Sign in to make your opinion count.
    
Sign in








Don't like this video?

      Sign in to make your opinion count.
    
Sign in",https://i.ytimg.com/vi/LSGk9pVfujM/hqdefault.jpg,480,360,Our collaboration with BenevolentAI uses machine learning and AI to discover potential new drugs targets for chronic kidney disease (CKD) and idiopathic pulm...,1280.0,720.0,collaboration,https://www.youtube.com/watch?v=LSGk9pVfujM,395
615,Why I left my Data Science Job at FANG (Facebook Amazon Netflix Google),0,"592,378 views","Published on Apr 11, 2019",People & Blogs,Why I left my Data Science Job at FANG (Facebook Amazon Netflix Google),"Joma Tech














Loading...
    







        Unsubscribe from Joma Tech?
      


Cancel
Unsubscribe










        Working...
    










SubscribeSubscribedUnsubscribe532K 











Loading...
    









Loading...
    













        Working...","592,378 views







12,243

Like this video?

      Sign in to make your opinion count.
    
Sign in



12,244


795

Don't like this video?

      Sign in to make your opinion count.
    
Sign in



796",https://i.ytimg.com/vi/M5v1nXiUaOI/maxresdefault.jpg,1280,720,‚ñ∫ Check out CoderPro for 100+ Video Explanations of popular Coding Interview Problems https://coderpro.com/ ‚ñ∫ Want to land jobs at Facebook/Google/Microsoft/...,1280.0,720.0,data scientist,https://www.youtube.com/watch?v=M5v1nXiUaOI,449
634,Making data science useful. Cassie Kozyrkov (Google) Strata Data Conference UK 2019,1,"5,117 views","Published on May 2, 2019",Science & Technology,Making data science useful. Cassie Kozyrkov (Google) Strata Data Conference UK 2019,"O'Reilly














Loading...
    







        Unsubscribe from O'Reilly?
      


Cancel
Unsubscribe










        Working...
    










SubscribeSubscribedUnsubscribe171K 











Loading...
    









Loading...
    













        Working...","5,117 views







66

Like this video?

      Sign in to make your opinion count.
    
Sign in



67


4

Don't like this video?

      Sign in to make your opinion count.
    
Sign in



5",https://i.ytimg.com/vi/Mukpy1QjVn8/hqdefault.jpg,480,360,"To view the full keynote and other videos from Strata Data Conference, visit: http://oreilly.com/go/stratauk19 Despite the rise of data engineering and data ...",1280.0,720.0,useful,https://www.youtube.com/watch?v=Mukpy1QjVn8,413
651,Kaggle Competition- Dengue or Malaria Prediction Using Transfer Learning VGG19,0,"4,237 views","Published on Sep 17, 2019",Education,"#MalariaDetection



    Kaggle Competition- Dengue or Malaria Prediction Using Transfer Learning VGG19","Krish Naik













Loading...
    







        Unsubscribe from Krish Naik?
      


Cancel
Unsubscribe










        Working...
    










SubscribeSubscribedUnsubscribe146K 











Loading...
    









Loading...
    













        Working...","4,237 views







88

Like this video?

      Sign in to make your opinion count.
    
Sign in



89


2

Don't like this video?

      Sign in to make your opinion count.
    
Sign in



3",https://i.ytimg.com/vi/NjvX4BhOjOw/hqdefault.jpg,480,360,In this video we will implement transfer learning in deep learning to predict Malaria Disease ##MalariaDetection Github url: https://github.com/krishnaik06/M...,1280.0,720.0,VGG19,https://www.youtube.com/watch?v=NjvX4BhOjOw,569
697,Lecture 1.1 ‚Äî What Is Machine Learning ‚Äî [ Machine Learning | Andrew Ng ],1,"817,048 views","Published on Oct 7, 2016",Science & Technology,Lecture 1.1 ‚Äî What Is Machine Learning ‚Äî [ Machine Learning | Andrew Ng ],"Artificial Intelligence - All in One













Loading...
    







        Unsubscribe from Artificial Intelligence - All in One?
      


Cancel
Unsubscribe










        Working...
    










SubscribeSubscribedUnsubscribe74.9K 











Loading...
    









Loading...
    













        Working...","817,048 views







4,099

Like this video?

      Sign in to make your opinion count.
    
Sign in



4,100


31

Don't like this video?

      Sign in to make your opinion count.
    
Sign in



32",https://i.ytimg.com/vi/PPLop4L2eGk/maxresdefault.jpg,1280,720,. . . .,640.0,360.0,Andrew Ng Machine Learning Course,https://www.youtube.com/watch?v=PPLop4L2eGk,468
700,Tutorial 25- Probability Density function and CDF- EDA-Data Science,0,"10,182 views","Published on Nov 29, 2019",Education,Tutorial 25- Probability Density function and CDF- EDA-Data Science,"Krish Naik













Loading...
    







        Unsubscribe from Krish Naik?
      


Cancel
Unsubscribe










        Working...
    










SubscribeSubscribedUnsubscribe146K 











Loading...
    









Loading...
    













        Working...","10,182 views







291

Like this video?

      Sign in to make your opinion count.
    
Sign in



292


12

Don't like this video?

      Sign in to make your opinion count.
    
Sign in



13",https://i.ytimg.com/vi/PYIjkw0HN1Q/hqdefault.jpg,480,360,"Please join as a member in my channel to get additional benefits like materials in Data Science, live streaming for Members and many more https://www.youtube...",1280.0,720.0,exploratory data analysis,https://www.youtube.com/watch?v=PYIjkw0HN1Q,378
716,MIT 6.S094: Deep Reinforcement Learning for Motion Planning,0,"164,862 views","Published on Jan 22, 2017",Science & Technology,MIT 6.S094: Deep Reinforcement Learning for Motion Planning,"Lex Fridman













Loading...
    







        Unsubscribe from Lex Fridman?
      


Cancel
Unsubscribe










        Working...
    










SubscribeSubscribedUnsubscribe350K 











Loading...
    









Loading...
    













        Working...","164,862 views







1,373

Like this video?

      Sign in to make your opinion count.
    
Sign in



1,374


31

Don't like this video?

      Sign in to make your opinion count.
    
Sign in



32",https://i.ytimg.com/vi/QDzM8r3WgBw/maxresdefault.jpg,1280,720,"This is lecture 2 of course 6.S094: Deep Learning for Self-Driving Cars taught in Winter 2017. This lecture introduces types of machine learning, the neuron ...",1280.0,720.0,convnetjs,https://www.youtube.com/watch?v=QDzM8r3WgBw,399
719,Stock Price Prediction Using Python & Machine Learning,1,"174,419 views","Published on Dec 21, 2019",Science & Technology,"#StockPrediction #Python #MachineLearning



    Stock Price Prediction Using Python & Machine Learning","Computer Science













Loading...
    







        Unsubscribe from Computer Science?
      


Cancel
Unsubscribe










        Working...
    










SubscribeSubscribedUnsubscribe19.5K 











Loading...
    









Loading...
    













        Working...","174,419 views







4,561

Like this video?

      Sign in to make your opinion count.
    
Sign in



4,562


143

Don't like this video?

      Sign in to make your opinion count.
    
Sign in



144",https://i.ytimg.com/vi/QIUxPv5PJOY/maxresdefault.jpg,1280,720,Stock Price Prediction Using Python & Machine Learning (LSTM). In this video you will learn how to create an artificial neural network called Long Short Term...,1280.0,720.0,,https://www.youtube.com/watch?v=QIUxPv5PJOY,404
723,How to Tackle a Data Science Problem: House Pricing Prediction,1,"8,796 views","Published on Jul 11, 2019",Science & Technology,"#adventure #lifeatgojek



    How to Tackle a Data Science Problem: House Pricing Prediction","Life at Gojek













Loading...
    







        Unsubscribe from Life at Gojek?
      


Cancel
Unsubscribe










        Working...
    










SubscribeSubscribedUnsubscribe18.8K 











Loading...
    









Loading...
    













        Working...","8,796 views







341

Like this video?

      Sign in to make your opinion count.
    
Sign in



342


7

Don't like this video?

      Sign in to make your opinion count.
    
Sign in



8",https://i.ytimg.com/vi/QRtw_xDOmm4/maxresdefault.jpg,1280,720,Who here wants to learn data science? GOJEK Data Scientists Ridlo and Dipta will give you a quick course on how we solve a problem with a Data Science approa...,1280.0,720.0,edureka,https://www.youtube.com/watch?v=QRtw_xDOmm4,344
740,Machine Learning for Autonomous Vehicle Perception at Cruise,0,"3,301 views","Published on Feb 10, 2020",People & Blogs,"#NeurIPS



    Machine Learning for Autonomous Vehicle Perception at Cruise","Cruise













Loading...
    







        Unsubscribe from Cruise?
      


Cancel
Unsubscribe










        Working...
    










SubscribeSubscribedUnsubscribe3.57K 











Loading...
    









Loading...
    













        Working...","3,301 views







70

Like this video?

      Sign in to make your opinion count.
    
Sign in



71


2

Don't like this video?

      Sign in to make your opinion count.
    
Sign in



3",https://i.ytimg.com/vi/R8mDmURr0As/maxresdefault.jpg,1280,720,"We use machine learning to tackle the biggest challenges in self-driving, including autonomous vehicle perception and prediction. Learn how we push the limit...",1280.0,720.0,,https://www.youtube.com/watch?v=R8mDmURr0As,352
757,Data Science & Artificial Intelligence Career Advice by Real-Life Data Scientists,1,"137,407 views","Published on Dec 4, 2019",Education,"Bengaluru



    Data Science & Artificial Intelligence Career Advice by Real-Life Data Scientists","Springboard India













Loading...
    







        Unsubscribe from Springboard India?
      


Cancel
Unsubscribe










        Working...
    










SubscribeSubscribedUnsubscribe22.5K 











Loading...
    









Loading...
    













        Working...","137,407 views







3,308

Like this video?

      Sign in to make your opinion count.
    
Sign in



3,309


91

Don't like this video?

      Sign in to make your opinion count.
    
Sign in



92",https://i.ytimg.com/vi/S8MmsBsGP-Q/maxresdefault.jpg,1280,720,Wish to build your career in Data Science and Artificial Intelligence space? Here is a video with the best advice from subject matter experts. Listen to thes...,1280.0,720.0,Data Science jobs,https://www.youtube.com/watch?v=S8MmsBsGP-Q,398
783,How I Got My First Data Science Internship (And How You Can Land One),0,"5,211 views","Published on Jun 20, 2019",People & Blogs,"#DataScience #DataScienceJobs #DataScienceInternship



    How I Got My First Data Science Internship (And How You Can Land One)","Ken Jee













Loading...
    







        Unsubscribe from Ken Jee?
      


Cancel
Unsubscribe










        Working...
    










SubscribeSubscribedUnsubscribe5.94K 











Loading...
    









Loading...
    













        Working...","5,211 views







254

Like this video?

      Sign in to make your opinion count.
    
Sign in



255


3

Don't like this video?

      Sign in to make your opinion count.
    
Sign in



4",https://i.ytimg.com/vi/T77uVbLhroQ/maxresdefault.jpg,1280,720,In this video I talk about my experience getting my first internship at a fortune 100 company. #DataScience #DataScienceJobs #DataScienceInternship Highlight...,1280.0,720.0,Ken Jee,https://www.youtube.com/watch?v=T77uVbLhroQ,0.34
796,Kaggle Earthquake Prediction Challenge,0,"50,362 views","Published on Feb 18, 2019",Education,Kaggle Earthquake Prediction Challenge,"Siraj Raval














Loading...
    







        Unsubscribe from Siraj Raval?
      


Cancel
Unsubscribe










        Working...
    










SubscribeSubscribedUnsubscribe701K 











Loading...
    









Loading...
    













        Working...","50,362 views







1,369

Like this video?

      Sign in to make your opinion count.
    
Sign in



1,370


50

Don't like this video?

      Sign in to make your opinion count.
    
Sign in



51",https://i.ytimg.com/vi/TffGdSsWKlA/hqdefault.jpg,480,360,Data Science coding challenge time! The popular Data Science competition website Kaggle has an ongoing competition to solve the problem of earthquake predict...,1280.0,720.0,competition,https://www.youtube.com/watch?v=TffGdSsWKlA,441
797,Introduction to Python for Data Science | Microsoft on edX | Course About Video,0,"182,711 views","Published on Jan 14, 2016",Education,Introduction to Python for Data Science | Microsoft on edX | Course About Video,"edX














Loading...
    







        Unsubscribe from edX?
      


Cancel
Unsubscribe










        Working...
    










SubscribeSubscribedUnsubscribe244K 











Loading...
    









Loading...
    













        Working...","182,711 views







353

Like this video?

      Sign in to make your opinion count.
    
Sign in



354


7

Don't like this video?

      Sign in to make your opinion count.
    
Sign in



8",https://i.ytimg.com/vi/Ti3e5BJwbL0/maxresdefault.jpg,1280,720,"Start your journey in data science and learn the basics of Python in this uniquely engaging, hands-on course from Microsoft. Take this course on edX: https:/...",1280.0,720.0,edX,https://www.youtube.com/watch?v=Ti3e5BJwbL0,417
812,004. –ö–∞—Ä—å–µ—Ä–∞ –≤ Data Science - –†–æ–º–∞ –•–∞–ª–∫–µ—á–µ–≤,0,"4,788 views","Published on Nov 12, 2019",Science & Technology,004. –ö–∞—Ä—å–µ—Ä–∞ –≤ Data Science - –†–æ–º–∞ –•–∞–ª–∫–µ—á–µ–≤,"–ê–∫–∞–¥–µ–º–∏—è –Ø–Ω–¥–µ–∫—Å–∞













Loading...
    







        Unsubscribe from –ê–∫–∞–¥–µ–º–∏—è –Ø–Ω–¥–µ–∫—Å–∞?
      


Cancel
Unsubscribe










        Working...
    










SubscribeSubscribedUnsubscribe56K 











Loading...
    









Loading...
    













        Working...","4,788 views







129

Like this video?

      Sign in to make your opinion count.
    
Sign in



130


3

Don't like this video?

      Sign in to make your opinion count.
    
Sign in



4",https://i.ytimg.com/vi/UT0hj0zNfg4/maxresdefault.jpg,1280,720,1 –Ω–æ—è–±—Ä—è –≤ –º–æ—Å–∫–æ–≤—Å–∫–æ–º –æ—Ñ–∏—Å–µ –Ø–Ω–¥–µ–∫—Å–∞ –ø—Ä–æ—à—ë–ª –º–∏—Ç–∞–ø –¥–ª—è –Ω–∞—á–∏–Ω–∞—é—â–∏—Ö —Ä–∞–∑—Ä–∞–±–æ—Ç—á–∏–∫–æ–≤ –º–∞—à–∏–Ω–Ω–æ–≥–æ –æ–±—É—á–µ–Ω–∏—è. –°–ª–∞–π–¥—ã –ø—Ä–µ–∑–µ–Ω—Ç–∞—Ü–∏–π –æ–ø—É–±–ª–∏–∫–æ–≤–∞–Ω—ã –≤ –ø—Ä–æ–≥—Ä–∞–º–º–µ –Ω–∞ —Å—Ç—Ä–∞–Ω–∏—Ü–µ –º–µ—Ä...,1280.0,720.0,,https://www.youtube.com/watch?v=UT0hj0zNfg4,482
847,DATA SCIENCE ‡Æé‡Æ©‡Øç‡Æ±‡Ææ‡Æ≤‡Øç  ‡Æé‡Æ©‡Øç‡Æ©? (Tamil),0,"19,058 views","Published on Dec 15, 2018",People & Blogs,DATA SCIENCE ‡Æé‡Æ©‡Øç‡Æ±‡Ææ‡Æ≤‡Øç  ‡Æé‡Æ©‡Øç‡Æ©? (Tamil),"Matt Engineering Equipments













Loading...
    







        Unsubscribe from Matt Engineering Equipments?
      


Cancel
Unsubscribe










        Working...
    










SubscribeSubscribedUnsubscribe 











Loading...
    









Loading...
    













        Working...","19,058 views







684

Like this video?

      Sign in to make your opinion count.
    
Sign in



685


14

Don't like this video?

      Sign in to make your opinion count.
    
Sign in



15",https://i.ytimg.com/vi/Vs_ko7lF71w/maxresdefault.jpg,1280,720,"Data science is a multidisciplinary blend of data inference, algorithm technology and development in order to solve analytically difficult problems. Watch ou...",640.0,360.0,recent technologies in tamil,https://www.youtube.com/watch?v=Vs_ko7lF71w,443
859,Foundations of Data Science - Lecture 1,0,"20,376 views","Published on Nov 16, 2017",Science & Technology,Foundations of Data Science - Lecture 1,"Microsoft Research














Loading...
    







        Unsubscribe from Microsoft Research?
      


Cancel
Unsubscribe










        Working...
    










SubscribeSubscribedUnsubscribe144K 











Loading...
    









Loading...
    













        Working...","20,376 views







227

Like this video?

      Sign in to make your opinion count.
    
Sign in



228


4

Don't like this video?

      Sign in to make your opinion count.
    
Sign in



5",https://i.ytimg.com/vi/WEBUWYxaqLQ/maxresdefault.jpg,1280,720,Modern data often consists of feature vectors with a large number of features. High-dimensional geometry and Linear Algebra (Singular Value Decomposition) ar...,1280.0,720.0,foundations of data science,https://www.youtube.com/watch?v=WEBUWYxaqLQ,406
863,#1 Czym jest Data Science?,0,"7,426 views","Published on Jul 9, 2017",Science & Technology,#1 Czym jest Data Science?,"Data Evangelists













Loading...
    







        Unsubscribe from Data Evangelists?
      


Cancel
Unsubscribe










        Working...
    










SubscribeSubscribedUnsubscribe1.43K 











Loading...
    









Loading...
    













        Working...","7,426 views







196

Like this video?

      Sign in to make your opinion count.
    
Sign in



197


3

Don't like this video?

      Sign in to make your opinion count.
    
Sign in



4",https://i.ytimg.com/vi/WMRksOyZI_Q/maxresdefault.jpg,1280,720,"Odcinek #1 podcastu ""Data Science po polsku"" jest po≈õwiƒôcony odpowiedzi na pytanie czym jest Data Science.",1280.0,720.0,Analiza danych,https://www.youtube.com/watch?v=WMRksOyZI_Q,494
877,Master of Information and Data Science (MIDS) at UC Berkeley School of Information,0,"13,002 views","Published on Nov 16, 2017",Science & Technology,Master of Information and Data Science (MIDS) at UC Berkeley School of Information,"Berkeley School of Information













Loading...
    







        Unsubscribe from Berkeley School of Information?
      


Cancel
Unsubscribe










        Working...
    










SubscribeSubscribedUnsubscribe9.12K 











Loading...
    









Loading...
    













        Working...","13,002 views







105

Like this video?

      Sign in to make your opinion count.
    
Sign in



106


3

Don't like this video?

      Sign in to make your opinion count.
    
Sign in



4",https://i.ytimg.com/vi/WxP2iMqMN8g/maxresdefault.jpg,1280,720,Complete information: https://datascience.berkeley.edu Get an insider‚Äôs view of our Master of Information and Data Science (MIDS) degree. Hear from faculty a...,1280.0,720.0,grad school,https://www.youtube.com/watch?v=WxP2iMqMN8g,374
906,Data Wrangling with PySpark for Data Scientists Who Know Pandas - Andrew Ray,0,"51,146 views","Published on Jun 7, 2017",Science & Technology,"#SFds12



    Data Wrangling with PySpark for Data Scientists Who Know Pandas - Andrew Ray","Databricks













Loading...
    







        Unsubscribe from Databricks?
      


Cancel
Unsubscribe










        Working...
    










SubscribeSubscribedUnsubscribe28K 











Loading...
    









Loading...
    













        Working...","51,146 views







844

Like this video?

      Sign in to make your opinion count.
    
Sign in



845


11

Don't like this video?

      Sign in to make your opinion count.
    
Sign in



12",https://i.ytimg.com/vi/XrpSRCwISdk/maxresdefault.jpg,1280,720,"""Data scientists spend more time wrangling data than making models. Traditional tools like Pandas provide a very powerful data manipulation toolset. Transiti...",1280.0,720.0,spark summit,https://www.youtube.com/watch?v=XrpSRCwISdk,418
914,We're All Data Scientists | Rebecca Nugent | TEDxCMU,0,"26,544 views","Published on May 19, 2017",Nonprofits & Activism,We're All Data Scientists | Rebecca Nugent | TEDxCMU,"TEDx Talks














Loading...
    







        Unsubscribe from TEDx Talks?
      


Cancel
Unsubscribe










        Working...
    










SubscribeSubscribedUnsubscribe24.2M 











Loading...
    









Loading...
    













        Working...","26,544 views







436

Like this video?

      Sign in to make your opinion count.
    
Sign in



437


10

Don't like this video?

      Sign in to make your opinion count.
    
Sign in



11",https://i.ytimg.com/vi/YMnqPTLoj7o/maxresdefault.jpg,1280,720,"In her talk, Rebecca Nugent concentrates on the rise of Data Science and what it means for education at the bachelor's and perhaps master's level. She propos...",1280.0,720.0,Higher education,https://www.youtube.com/watch?v=YMnqPTLoj7o,394
931,Time Series Forecasting Theory Part 1 - Datamites Data Science Projects,1,"29,948 views","Published on Sep 27, 2018",Education,"#DataScience #Projects #MachineLearning



    Time Series Forecasting Theory Part 1 - Datamites Data Science Projects","DataMites













Loading...
    







        Unsubscribe from DataMites?
      


Cancel
Unsubscribe










        Working...
    










SubscribeSubscribedUnsubscribe5.23K 











Loading...
    









Loading...
    













        Working...","29,948 views







555

Like this video?

      Sign in to make your opinion count.
    
Sign in



556


13

Don't like this video?

      Sign in to make your opinion count.
    
Sign in



14",https://i.ytimg.com/vi/YzMV--KhI2I/maxresdefault.jpg,1280,720,Looking for #DataScience #Projects? https://datamites.com/books/ Your can work on above project 'Time Series Forecasting Theory Part 1' Trainer: Mr. Ashok Ku...,960.0,720.0,Data Scientist Tutorials,https://www.youtube.com/watch?v=YzMV--KhI2I,567
933,LANL Earthquake Prediction | Hideki Murata (currypurin) | Kaggle Days,0,978 views,"Published on Jan 30, 2020",Science & Technology,LANL Earthquake Prediction | Hideki Murata (currypurin) | Kaggle Days,"Kaggle













Loading...
    







        Unsubscribe from Kaggle?
      


Cancel
Unsubscribe










        Working...
    










SubscribeSubscribedUnsubscribe50.5K 











Loading...
    









Loading...
    













        Working...","978 views







33

Like this video?

      Sign in to make your opinion count.
    
Sign in



34


1

Don't like this video?

      Sign in to make your opinion count.
    
Sign in



2",https://i.ytimg.com/vi/Z0F7e5eidsk/maxresdefault.jpg,1280,720,"Japanese language. Kaggle Days Tokyo took place on December 11-12, 2019 at Mori Tower, Roppongi Hills, Tokyo. This was the 6th edition of our signature two-d...",1280.0,720.0,CS,https://www.youtube.com/watch?v=Z0F7e5eidsk,0.45
965,COVID - 19 Outbreak Prediction using Machine Learning | Machine Learning Training | Edureka,0,"33,928 views","Published on Mar 29, 2020",Education,"#edureka #MLedureka #covidPrediction



    COVID - 19 Outbreak Prediction using Machine Learning | Machine Learning Training | Edureka","edureka!














Loading...
    







        Unsubscribe from edureka!?
      


Cancel
Unsubscribe










        Working...
    










SubscribeSubscribedUnsubscribe1.61M 











Loading...
    









Loading...
    













        Working...","33,928 views







833

Like this video?

      Sign in to make your opinion count.
    
Sign in



834


31

Don't like this video?

      Sign in to make your opinion count.
    
Sign in



32",https://i.ytimg.com/vi/_Hi6_JQesSQ/maxresdefault.jpg,1280,720,üî•Edureka and NIT Warangal Post Graduate Program on AI and Machine Learning: https://www.edureka.co/post-graduate/machine-learning-and-ai This Edureka Session...,1280.0,720.0,Edureka,https://www.youtube.com/watch?v=_Hi6_JQesSQ,349
976,Heroes of Deep Learning: Andrew Ng interviews Andrej Karpathy,1,"101,286 views","Published on Aug 8, 2017",Education,Heroes of Deep Learning: Andrew Ng interviews Andrej Karpathy,"Preserve Knowledge













Loading...
    







        Unsubscribe from Preserve Knowledge?
      


Cancel
Unsubscribe










        Working...
    










SubscribeSubscribedUnsubscribe12.2K 











Loading...
    









Loading...
    













        Working...","101,286 views







1,885

Like this video?

      Sign in to make your opinion count.
    
Sign in



1,886


23

Don't like this video?

      Sign in to make your opinion count.
    
Sign in



24",https://i.ytimg.com/vi/_au3yw46lcg/hqdefault.jpg,480,360,,640.0,360.0,coursera,https://www.youtube.com/watch?v=_au3yw46lcg,608
977,Data Science Project - 2 : Data Cleaning (Real Estate Price Prediction Project),1,"16,563 views","Published on Dec 31, 2019",Education,Data Science Project - 2 : Data Cleaning (Real Estate Price Prediction Project),"codebasics













Loading...
    







        Unsubscribe from codebasics?
      


Cancel
Unsubscribe










        Working...
    










SubscribeSubscribedUnsubscribe102K 











Loading...
    









Loading...
    













        Working...","16,563 views







256

Like this video?

      Sign in to make your opinion count.
    
Sign in



257


8

Don't like this video?

      Sign in to make your opinion count.
    
Sign in



9",https://i.ytimg.com/vi/_drqJ9SFCgU/maxresdefault.jpg,1280,720,This data science project series walks through step by step process of how to build a real estate price prediction website. We will first build a model using...,1280.0,720.0,,https://www.youtube.com/watch?v=_drqJ9SFCgU,469
1003,MSc Applied Data Science and Statistics,0,"384,383 views","Published on Feb 20, 2020",Education,MSc Applied Data Science and Statistics,"University of Exeter













Loading...
    







        Unsubscribe from University of Exeter?
      


Cancel
Unsubscribe










        Working...
    










SubscribeSubscribedUnsubscribe8.89K 











Loading...
    









Loading...
    













        Working...","384,383 views







3

Like this video?

      Sign in to make your opinion count.
    
Sign in



4


0

Don't like this video?

      Sign in to make your opinion count.
    
Sign in



1",https://i.ytimg.com/vi/aW2YM2yVs8Q/maxresdefault.jpg,1280,720,Study MSc Applied Data Science and Statistics at the University of Exeter. Find out more today.,1280.0,720.0,university life,https://www.youtube.com/watch?v=aW2YM2yVs8Q,0.37
1014,The Data Science / Data Analytics / CRISP-DM Cycle,0,"13,235 views","Published on Sep 28, 2017",Science & Technology,The Data Science / Data Analytics / CRISP-DM Cycle,"KNIMETV













Loading...
    







        Unsubscribe from KNIMETV?
      


Cancel
Unsubscribe










        Working...
    










SubscribeSubscribedUnsubscribe11.2K 











Loading...
    









Loading...
    













        Working...","13,235 views







92

Like this video?

      Sign in to make your opinion count.
    
Sign in



93


8

Don't like this video?

      Sign in to make your opinion count.
    
Sign in



9",https://i.ytimg.com/vi/ar2J0pX0T3M/maxresdefault.jpg,1280,720,"I have data lying around. How do I start - and continue - if I want to build a predictive model based on these data? Well, it is not really like following a ...",1280.0,720.0,KNIME Analytics Platform,https://www.youtube.com/watch?v=ar2J0pX0T3M,435
1033,Reinforcement Learning 6: Policy Gradients and Actor Critics,0,"24,369 views","Published on Nov 23, 2018",Science & Technology,Reinforcement Learning 6: Policy Gradients and Actor Critics,"DeepMind













Loading...
    







        Unsubscribe from DeepMind?
      


Cancel
Unsubscribe










        Working...
    










SubscribeSubscribedUnsubscribe191K 











Loading...
    









Loading...
    













        Working...","24,369 views







255

Like this video?

      Sign in to make your opinion count.
    
Sign in



256


6

Don't like this video?

      Sign in to make your opinion count.
    
Sign in



7",https://i.ytimg.com/vi/bRfUxQs6xIM/maxresdefault.jpg,1280,720,"Hado Van Hasselt, Research Scientist, discusses policy gradients and actor critics as part of the Advanced Deep Learning & Reinforcement Learning Lectures.",1280.0,720.0,,https://www.youtube.com/watch?v=bRfUxQs6xIM,498
1043,VERƒ∞ Bƒ∞Lƒ∞Mƒ∞ ( DATA SCIENCE ) NEDƒ∞R ?,0,"13,884 views","Published on Jul 31, 2019",Education,VERƒ∞ Bƒ∞Lƒ∞Mƒ∞ ( DATA SCIENCE ) NEDƒ∞R ?,"Data Forest TR













Loading...
    







        Unsubscribe from Data Forest TR?
      


Cancel
Unsubscribe










        Working...
    










SubscribeSubscribedUnsubscribe3.07K 











Loading...
    









Loading...
    













        Working...","13,884 views







390

Like this video?

      Sign in to make your opinion count.
    
Sign in



391


13

Don't like this video?

      Sign in to make your opinion count.
    
Sign in



14",https://i.ytimg.com/vi/bzS-e0yfSp4/maxresdefault.jpg,1280,720,Veri bilimi yani data science nedir ? Veri biliminin a≈üamalarƒ± nelerdir? Big data neden √∂nemli? Kanalƒ±mƒ±za abone olmayƒ± unutmayƒ±n. Diƒüer sosyal medya adresle...,1280.0,720.0,big data,https://www.youtube.com/watch?v=bzS-e0yfSp4,417
1052,Dynamic pricing through data science,1,"4,573 views","Published on Mar 26, 2019",People & Blogs,Dynamic pricing through data science,"Stylianos Kampakis













Loading...
    







        Unsubscribe from Stylianos Kampakis?
      


Cancel
Unsubscribe










        Working...
    










SubscribeSubscribedUnsubscribe302 











Loading...
    









Loading...
    













        Working...","4,573 views







62

Like this video?

      Sign in to make your opinion count.
    
Sign in



63


3

Don't like this video?

      Sign in to make your opinion count.
    
Sign in



4",https://i.ytimg.com/vi/cKPaIsOQslo/maxresdefault.jpg,1280,720,"Data science can be used to optimise prices and help retailers reach a wider audience. This video explains some of the different methods that exist to do so,...",1280.0,720.0,yt:cc=on,https://www.youtube.com/watch?v=cKPaIsOQslo,0.64
1090,Elias Bareinboim -- Causal Data Science,0,"2,631 views","Published on Sep 26, 2019",Science & Technology,Elias Bareinboim -- Causal Data Science,"CausalAI













Loading...
    







        Unsubscribe from CausalAI?
      


Cancel
Unsubscribe










        Working...
    










SubscribeSubscribedUnsubscribe345 











Loading...
    









Loading...
    













        Working...","2,631 views







41

Like this video?

      Sign in to make your opinion count.
    
Sign in



42


1

Don't like this video?

      Sign in to make your opinion count.
    
Sign in



2",https://i.ytimg.com/vi/dUsokjG4DHc/maxresdefault.jpg,1280,720,"Talk by Professor Elias Bareinboim on ""Causal Data Science: A general framework for data fusion and causal inference"", which took place at Columbia Universit...",1280.0,720.0,causal effects,https://www.youtube.com/watch?v=dUsokjG4DHc,0.56
1103,Data Science and Diversity at NVIDIA,0,"9,489 views","Published on Dec 10, 2019",Science & Technology,"#datascience #inclusion



    Data Science and Diversity at NVIDIA","NVIDIA














Loading...
    







        Unsubscribe from NVIDIA?
      


Cancel
Unsubscribe










        Working...
    










SubscribeSubscribedUnsubscribe565K 











Loading...
    









Loading...
    













        Working...","9,489 views







162

Like this video?

      Sign in to make your opinion count.
    
Sign in



163


169

Don't like this video?

      Sign in to make your opinion count.
    
Sign in



170",https://i.ytimg.com/vi/dzPZksaqGNU/maxresdefault.jpg,1280,720,"Josh Patterson, Director of Engineering of our RAPIDS software libraries for data science, provides his perspective about #datascience and the opportunity fo...",1280.0,720.0,corporate culture,https://www.youtube.com/watch?v=dzPZksaqGNU,568
1123,Data Science & Statistics: Levels of measurement,1,"22,471 views","Published on Aug 11, 2017",People & Blogs,"#LevelsOfMeasurement #Levels #Measurement



    Data Science & Statistics: Levels of measurement","365 Data Science













Loading...
    







        Unsubscribe from 365 Data Science?
      


Cancel
Unsubscribe










        Working...
    










SubscribeSubscribedUnsubscribe92.8K 











Loading...
    









Loading...
    













        Working...","22,471 views







280

Like this video?

      Sign in to make your opinion count.
    
Sign in



281


3

Don't like this video?

      Sign in to make your opinion count.
    
Sign in



4",https://i.ytimg.com/vi/eghn__C7JLQ/maxresdefault.jpg,1280,720,"Levels of measurement can be split into two groups: qualitative and quantitative data. They are very intuitive, so don‚Äôt worry. Qualitative data can be nomin...",1280.0,720.0,big data,https://www.youtube.com/watch?v=eghn__C7JLQ,439
1130,Panel Data Analysis | Econometrics | Fixed effect|Random effect | Time Series | Data Science,1,"117,506 views","Published on Dec 11, 2016",Education,Panel Data Analysis | Econometrics | Fixed effect|Random effect | Time Series | Data Science,"Analytics University













Loading...
    







        Unsubscribe from Analytics University?
      


Cancel
Unsubscribe










        Working...
    










SubscribeSubscribedUnsubscribe48K 











Loading...
    









Loading...
    













        Working...","117,506 views







1,014

Like this video?

      Sign in to make your opinion count.
    
Sign in



1,015


62

Don't like this video?

      Sign in to make your opinion count.
    
Sign in



63",https://i.ytimg.com/vi/f01WjeCdgEA/maxresdefault.jpg,1280,720,This video is on Panel Data Analysis. Panel data has features of both Time series data and Cross section data. You can use panel data regression to analyse s...,1280.0,720.0,OLS,https://www.youtube.com/watch?v=f01WjeCdgEA,359
1137,Data Science 101: Building your Data Science Portfolio with GitHub,0,"6,615 views","Published on Dec 7, 2019",Science & Technology,"#dataprofessor #portfolio #datascienceportfolio



    Data Science 101: Building your Data Science Portfolio with GitHub","Data Professor













Loading...
    







        Unsubscribe from Data Professor?
      


Cancel
Unsubscribe










        Working...
    










SubscribeSubscribedUnsubscribe5.02K 











Loading...
    









Loading...
    













        Working...","6,615 views







147

Like this video?

      Sign in to make your opinion count.
    
Sign in



148


9

Don't like this video?

      Sign in to make your opinion count.
    
Sign in



10",https://i.ytimg.com/vi/fCXBaEnPzgo/maxresdefault.jpg,1280,720,"Data Science 101: Building your Data Science Portfolio with GitHub In this video, I guide you in a step-by-step manner on setting up your Data Science portfo...",1280.0,720.0,data science tutorial,https://www.youtube.com/watch?v=fCXBaEnPzgo,348
1139,–†–∞–±–æ—á–µ–µ –º–µ—Å—Ç–æ  Data Science —Ä–∞–∑—Ä–∞–±–æ—Ç—á–∏–∫–∞,0,"10,396 views","Published on Nov 13, 2018",Education,"#soer #–≤–ª–æ–≥ #–≤–ª–æ–≥–ø—Ä–æ–≥—Ä–∞–º–º–∏—Å—Ç–∞



    –†–∞–±–æ—á–µ–µ –º–µ—Å—Ç–æ  Data Science —Ä–∞–∑—Ä–∞–±–æ—Ç—á–∏–∫–∞","S0ER













Loading...
    







        Unsubscribe from S0ER?
      


Cancel
Unsubscribe










        Working...
    










SubscribeSubscribedUnsubscribe64.1K 











Loading...
    









Loading...
    













        Working...","10,396 views







312

Like this video?

      Sign in to make your opinion count.
    
Sign in



313


14

Don't like this video?

      Sign in to make your opinion count.
    
Sign in



15",https://i.ytimg.com/vi/fIgMa9nwEGI/hqdefault.jpg,480,360,#soer #–≤–ª–æ–≥ #–≤–ª–æ–≥–ø—Ä–æ–≥—Ä–∞–º–º–∏—Å—Ç–∞ –ß–∞—Ç –¥–ª—è –ø—Ä–æ–≥—Ä–∞–º–º–∏—Å—Ç–æ–≤ - https://discordapp.com/invite/3UVJWAs –°–ø–æ–Ω—Å–æ—Ä—Å–∫–∞—è –ø–æ–º–æ—â—å - https://www.patreon.com/soersoft –ì—Ä—É–ø–ø–∞ –í–ö -...,1280.0,720.0,–≤–ª–æ–≥,https://www.youtube.com/watch?v=fIgMa9nwEGI,0.66
1148,Online Master of Computer Science (MCS) and MCS in Data Science Curriculum & Admissions Overview,0,"4,547 views","Published on Dec 3, 2019",Education,Online Master of Computer Science (MCS) and MCS in Data Science Curriculum & Admissions Overview,"Illinois Computer Science













Loading...
    







        Unsubscribe from Illinois Computer Science?
      


Cancel
Unsubscribe










        Working...
    










SubscribeSubscribedUnsubscribe502 











Loading...
    









Loading...
    













        Working...","4,547 views







65

Like this video?

      Sign in to make your opinion count.
    
Sign in



66


1

Don't like this video?

      Sign in to make your opinion count.
    
Sign in



2",https://i.ytimg.com/vi/faXot73bz4A/maxresdefault.jpg,1280,720,"An overview of the Online Master of Computer Science (MCS) degree, including the MCS in Data Science (MCS-DS) track, offered by Illinois Computer Science on ...",1280.0,720.0,GradSchool,https://www.youtube.com/watch?v=faXot73bz4A,342
1172,Data Science Project - 3 : Feature Engineering (Real Estate Price Prediction Project),1,"10,830 views","Published on Dec 31, 2019",Education,Data Science Project - 3 : Feature Engineering (Real Estate Price Prediction Project),"codebasics













Loading...
    







        Unsubscribe from codebasics?
      


Cancel
Unsubscribe










        Working...
    










SubscribeSubscribedUnsubscribe102K 











Loading...
    









Loading...
    













        Working...","10,830 views







131

Like this video?

      Sign in to make your opinion count.
    
Sign in



132


0

Don't like this video?

      Sign in to make your opinion count.
    
Sign in



1",https://i.ytimg.com/vi/gMoJIH0prL4/maxresdefault.jpg,1280,720,This data science project series walks through step by step process of how to build a real estate price prediction website. We will first build a model using...,1280.0,720.0,,https://www.youtube.com/watch?v=gMoJIH0prL4,545
1188,MicroMasters¬Æ Program in Statistics and Data Science,0,"21,085 views","Published on Nov 1, 2018",Education,MicroMasters¬Æ Program in Statistics and Data Science,"MITx Videos













Loading...
    







        Unsubscribe from MITx Videos?
      


Cancel
Unsubscribe










        Working...
    










SubscribeSubscribedUnsubscribe 











Loading...
    









Loading...
    













        Working...","21,085 views







89

Like this video?

      Sign in to make your opinion count.
    
Sign in



90


5

Don't like this video?

      Sign in to make your opinion count.
    
Sign in



6",https://i.ytimg.com/vi/h8Na5p08rw4/maxresdefault.jpg,1280,720,"From probability and statistics to data analysis and machine learning, master the skills needed to solve complex challenges with data. Find out more and enro...",1280.0,720.0,python,https://www.youtube.com/watch?v=h8Na5p08rw4,659
1198,MSc Data Science at LMU in Munich,0,"22,268 views","Published on Feb 21, 2018",People & Blogs,MSc Data Science at LMU in Munich,"Department of Statistics LMU













Loading...
    







        Unsubscribe from Department of Statistics LMU?
      


Cancel
Unsubscribe










        Working...
    










SubscribeSubscribedUnsubscribe101 











Loading...
    









Loading...
    













        Working...","22,268 views




Like this video?

      Sign in to make your opinion count.
    
Sign in








Don't like this video?

      Sign in to make your opinion count.
    
Sign in",https://i.ytimg.com/vi/hc233A0VKYQ/maxresdefault.jpg,1280,720,Further information on studying Data Science at LMU in Munich: https://www.m-datascience.mathematik-informatik-statistik.uni-muenchen.de/index.html,1280.0,720.0,masterstudies,https://www.youtube.com/watch?v=hc233A0VKYQ,582
1208,MIT 6.S191 (2019): Deep Reinforcement Learning,0,"55,159 views","Published on Feb 12, 2019",Science & Technology,MIT 6.S191 (2019): Deep Reinforcement Learning,"Alexander Amini













Loading...
    







        Unsubscribe from Alexander Amini?
      


Cancel
Unsubscribe










        Working...
    










SubscribeSubscribedUnsubscribe49.4K 











Loading...
    









Loading...
    













        Working...","55,159 views







875

Like this video?

      Sign in to make your opinion count.
    
Sign in



876


8

Don't like this video?

      Sign in to make your opinion count.
    
Sign in



9",https://i.ytimg.com/vi/i6Mi2_QM3rA/maxresdefault.jpg,1280,720,"MIT Introduction to Deep Learning 6.S191: Lecture 5 Deep Reinforcement Learning Lecturer: Alexander Amini January 2019 For all lectures, slides and lab mater...",1280.0,720.0,openai,https://www.youtube.com/watch?v=i6Mi2_QM3rA,475
1240,Lecture 1.3 ‚Äî Unsupervised Learning ‚Äî [ Machine Learning | Andrew Ng],1,"173,193 views","Published on Dec 6, 2016",Science & Technology,Lecture 1.3 ‚Äî Unsupervised Learning ‚Äî [ Machine Learning | Andrew Ng],"Artificial Intelligence - All in One













Loading...
    







        Unsubscribe from Artificial Intelligence - All in One?
      


Cancel
Unsubscribe










        Working...
    










SubscribeSubscribedUnsubscribe74.9K 











Loading...
    









Loading...
    













        Working...","173,193 views







978

Like this video?

      Sign in to make your opinion count.
    
Sign in



979


23

Don't like this video?

      Sign in to make your opinion count.
    
Sign in



24",https://i.ytimg.com/vi/jAA2g9ItoAc/hqdefault.jpg,480,360,. . . .,640.0,360.0,Andrew Ng Machine Learning Course,https://www.youtube.com/watch?v=jAA2g9ItoAc,558
1248,Job Skill Mapping for Data Science | Roles of Data Scientists | Data Science Training | Edureka,0,"7,704 views","Published on Mar 11, 2020",,"#edureka #EdurekaDataScience #JobSkillMappingforDataScience



    Job Skill Mapping for Data Science | Roles of Data Scientists | Data Science Training | Edureka","edureka!














Loading...
    







        Unsubscribe from edureka!?
      


Cancel
Unsubscribe










        Working...
    










SubscribeSubscribedUnsubscribe1.61M 











Loading...
    









Loading...
    













        Working...","7,704 views







169

Like this video?

      Sign in to make your opinion count.
    
Sign in



170


2

Don't like this video?

      Sign in to make your opinion count.
    
Sign in



3",https://i.ytimg.com/vi/jL-qeVwliLY/maxresdefault.jpg,1280,720,üî•Edureka Data Scientist Masters Program: https://www.edureka.co/masters-program/data-scientist-certification This video will provide you with a piece of deta...,1280.0,720.0,Edureka,https://www.youtube.com/watch?v=jL-qeVwliLY,398
1260,–ß—Ç–æ —Ç–∞–∫–æ–µ Data Science (–Ω–∞—É–∫–∞ –æ –¥–∞–Ω–Ω—ã—Ö) –ø—Ä–æ—Å—Ç—ã–º–∏ —Å–ª–æ–≤–∞–º–∏,0,"7,254 views","Published on Sep 1, 2019",Education,"#codeblog #–ø—Ä–æ–≥—Ä–∞–º–º–∏—Ä–æ–≤–∞–Ω–∏–µ #datascience



    –ß—Ç–æ —Ç–∞–∫–æ–µ Data Science (–Ω–∞—É–∫–∞ –æ –¥–∞–Ω–Ω—ã—Ö) –ø—Ä–æ—Å—Ç—ã–º–∏ —Å–ª–æ–≤–∞–º–∏","CODE BLOG - –ü—Ä–æ–≥—Ä–∞–º–º–∏—Ä–æ–≤–∞–Ω–∏–µ –∏ C#













Loading...
    







        Unsubscribe from CODE BLOG - –ü—Ä–æ–≥—Ä–∞–º–º–∏—Ä–æ–≤–∞–Ω–∏–µ –∏ C#?
      


Cancel
Unsubscribe










        Working...
    










SubscribeSubscribedUnsubscribe47.5K 











Loading...
    









Loading...
    













        Working...","7,254 views







496

Like this video?

      Sign in to make your opinion count.
    
Sign in



497


22

Don't like this video?

      Sign in to make your opinion count.
    
Sign in



23",https://i.ytimg.com/vi/jgLWVHHUIYE/maxresdefault.jpg,1280,720,–ó–∞–ø–∏—Å—ã–≤–∞–π—Å—è –Ω–∞ –≥–æ–¥–æ–≤–æ–π –∫—É—Ä—Å –ø–æ Data Science —à–∫–æ–ª—ã –¥–∞–Ω–Ω—ã—Ö SkillFactory: https://clc.to/FMZ_dg. –ê –ø–æ –ø—Ä–æ–º–æ–∫–æ–¥—É CODE BLOG –º–æ–∂–Ω–æ –ø–æ–ª—É—á–∏—Ç—å —Å–∫–∏–¥—É 10%. Data Science...,1280.0,720.0,–∏—Å–∫—É—Å—Å—Ç–≤–µ–Ω–Ω—ã–π –∏–Ω—Ç–µ–ª–ª–µ–∫—Ç,https://www.youtube.com/watch?v=jgLWVHHUIYE,454
1271,"Charla #8: Data Science: Herramientas, Lenguajes y Python",0,"13,737 views","Published on Jun 17, 2016",People & Blogs,"Charla #8: Data Science: Herramientas, Lenguajes y Python","Games-UChile













Loading...
    







        Unsubscribe from Games-UChile?
      


Cancel
Unsubscribe










        Working...
    










SubscribeSubscribedUnsubscribe989 











Loading...
    









Loading...
    













        Working...","13,737 views







332

Like this video?

      Sign in to make your opinion count.
    
Sign in



333


10

Don't like this video?

      Sign in to make your opinion count.
    
Sign in



11",https://i.ytimg.com/vi/k11_2osID4o/maxresdefault.jpg,1280,720,Presentador: Gonzalo R√≠os (Ingeniero CMM y estudiante de doctorado DIM) Abstract: Data Science es un √°rea interdisciplinaria dedicada extraer conocimiento de...,1280.0,720.0,,https://www.youtube.com/watch?v=k11_2osID4o,474
1299,B degree in Data Science (BDatSc),0,573 views,"Published on Feb 27, 2020","AdShare MG for a Third Party (on behalf of AudioSparx); AdShare (Publishing), and 4 Music Rights Societies",B degree in Data Science (BDatSc),"Stellenbosch University













Loading...
    







        Unsubscribe from Stellenbosch University?
      


Cancel
Unsubscribe










        Working...
    










SubscribeSubscribedUnsubscribe5.29K 











Loading...
    









Loading...
    













        Working...","573 views







20

Like this video?

      Sign in to make your opinion count.
    
Sign in



21


0

Don't like this video?

      Sign in to make your opinion count.
    
Sign in



1",https://i.ytimg.com/vi/kwzCeziEqfk/maxresdefault.jpg,1280,720,The video is about a new degree programme in Data Science with a multi-disciplinary nature. BDatSci is a four-year degree that will be offered in four facult...,1280.0,720.0,Science,https://www.youtube.com/watch?v=kwzCeziEqfk,503
1319,5 Ways Data Science Changed Finance,1,"6,289 views","Published on Jan 22, 2020",Education,"#data #science #finance



    5 Ways Data Science Changed Finance","365 Data Science













Loading...
    







        Unsubscribe from 365 Data Science?
      


Cancel
Unsubscribe










        Working...
    










SubscribeSubscribedUnsubscribe92.8K 











Loading...
    









Loading...
    













        Working...","6,289 views







249

Like this video?

      Sign in to make your opinion count.
    
Sign in



250


0

Don't like this video?

      Sign in to make your opinion count.
    
Sign in



1",https://i.ytimg.com/vi/l_FGeEvqYyM/hqdefault.jpg,480,360,"Did data science change the finance industry? And if it did -- how? Well, of course, data science in finance changed the industry massively! ‚úÖGet 20% OFF the...",1280.0,720.0,data analyst finance,https://www.youtube.com/watch?v=l_FGeEvqYyM,0.41
1323,CMI MSc(Comp Sci) MSc(Data Science) | Selection Procedure & Placement | Without Gate Admission,0,594 views,"Published on Mar 12, 2020",Science & Technology,"#cmi #withoutgate #gatealternatives



    CMI MSc(Comp Sci) MSc(Data Science) | Selection Procedure & Placement | Without Gate Admission","All About GATE Exam













Loading...
    







        Unsubscribe from All About GATE Exam?
      


Cancel
Unsubscribe










        Working...
    










SubscribeSubscribedUnsubscribe1.04K 











Loading...
    









Loading...
    













        Working...","594 views







23

Like this video?

      Sign in to make your opinion count.
    
Sign in



24


0

Don't like this video?

      Sign in to make your opinion count.
    
Sign in



1",https://i.ytimg.com/vi/lwRovtu3ik0/maxresdefault.jpg,1280,720,"This video will tell you each & every detail about MSc(Computer Science) MSc(Data Science) admission selection procedure, written test, interview details, sy...",1280.0,720.0,#mscdatascience,https://www.youtube.com/watch?v=lwRovtu3ik0,486
1324,Joint BSc in Data Science | Tilburg University and Eindhoven University of Technology,0,"32,652 views","Published on Mar 21, 2019","HAAWK for a 3rd Party; Warner Chappell, HAAWK Publishing",Joint BSc in Data Science | Tilburg University and Eindhoven University of Technology,"TilburgUniversity













Loading...
    







        Unsubscribe from TilburgUniversity?
      


Cancel
Unsubscribe










        Working...
    










SubscribeSubscribedUnsubscribe3.08K 











Loading...
    









Loading...
    













        Working...","32,652 views




Like this video?

      Sign in to make your opinion count.
    
Sign in








Don't like this video?

      Sign in to make your opinion count.
    
Sign in",https://i.ytimg.com/vi/lxnRfX6KLbQ/maxresdefault.jpg,1280,720,"Data Science is a joint bachelor‚Äôs program of Tilburg University and Eindhoven University of Technology. In the English-taught bachelor's program, you learn ...",1280.0,720.0,big data,https://www.youtube.com/watch?v=lxnRfX6KLbQ,384
1357,Drag & Drop Data Science,0,"18,988 views","Published on Sep 5, 2018",Science & Technology,Drag & Drop Data Science,"KNIMETV













Loading...
    







        Unsubscribe from KNIMETV?
      


Cancel
Unsubscribe










        Working...
    










SubscribeSubscribedUnsubscribe11.2K 











Loading...
    









Loading...
    













        Working...","18,988 views







92

Like this video?

      Sign in to make your opinion count.
    
Sign in



93


6

Don't like this video?

      Sign in to make your opinion count.
    
Sign in



7",https://i.ytimg.com/vi/n8HbUUc51fc/hqdefault.jpg,480,360,Build your own data science application step-by-step using the intuitive and visual user interface of KNIME Analytics Platform. KNIME Analytics Platform is a...,1280.0,720.0,yt:cc=on,https://www.youtube.com/watch?v=n8HbUUc51fc,436
1360,Reinforcement Learning: Crash Course AI#9,0,"41,863 views","Published on Oct 11, 2019",Education,"#CrashCourse #ArtificialIntelligence #MachineLearning



    Reinforcement Learning: Crash Course AI#9","CrashCourse














Loading...
    







        Unsubscribe from CrashCourse?
      


Cancel
Unsubscribe










        Working...
    










SubscribeSubscribedUnsubscribe10.7M 











Loading...
    









Loading...
    













        Working...","41,863 views







1,223

Like this video?

      Sign in to make your opinion count.
    
Sign in



1,224


29

Don't like this video?

      Sign in to make your opinion count.
    
Sign in



30",https://i.ytimg.com/vi/nIgIv4IfJ6s/maxresdefault.jpg,1280,720,Reinforcement learning is particularly useful in situations where we want to train AIs to have certain skills we don‚Äôt fully understand ourselves. Unlike som...,1280.0,720.0,unsupervised learning,https://www.youtube.com/watch?v=nIgIv4IfJ6s,397
1364,Introduction - Data Analysis and Data Science with Python and Pandas,0,"150,837 views","Published on Feb 25, 2019",Education,Introduction - Data Analysis and Data Science with Python and Pandas,"sentdex














Loading...
    







        Unsubscribe from sentdex?
      


Cancel
Unsubscribe










        Working...
    










SubscribeSubscribedUnsubscribe859K 











Loading...
    









Loading...
    













        Working...","150,837 views







2,725

Like this video?

      Sign in to make your opinion count.
    
Sign in



2,726


18

Don't like this video?

      Sign in to make your opinion count.
    
Sign in



19",https://i.ytimg.com/vi/nLw1RNvfElg/maxresdefault.jpg,1280,720,Welcome to a data analysis tutorial with Python and the Pandas data analysis library. The field of data analytics is quite large and what you might be aiming...,1280.0,720.0,data science,https://www.youtube.com/watch?v=nLw1RNvfElg,399
1368,Reinforcement Learning | MIT 6.S191,0,"15,946 views","Premiered Mar 6, 2020",Science & Technology,Reinforcement Learning | MIT 6.S191,"Alexander Amini













Loading...
    







        Unsubscribe from Alexander Amini?
      


Cancel
Unsubscribe










        Working...
    










SubscribeSubscribedUnsubscribe49.4K 











Loading...
    









Loading...
    













        Working...","15,946 views







342

Like this video?

      Sign in to make your opinion count.
    
Sign in



343


2

Don't like this video?

      Sign in to make your opinion count.
    
Sign in



3",https://i.ytimg.com/vi/nZfaHIxDD5w/maxresdefault.jpg,1280,720,"MIT Introduction to Deep Learning 6.S191: Lecture 5 *New 2020 Edition* Deep Reinforcement Learning Lecturer: Alexander Amini January 2020 For all lectures, s...",1280.0,720.0,alphazereo,https://www.youtube.com/watch?v=nZfaHIxDD5w,449
1383,Statistics for Machine Learning  | Statistics Class 10 | Statistics for Data Science | Full Course,0,"19,704 views","Published on Feb 18, 2020",Education,Statistics for Machine Learning  | Statistics Class 10 | Statistics for Data Science | Full Course,"Great Learning













Loading...
    







        Unsubscribe from Great Learning?
      


Cancel
Unsubscribe










        Working...
    










SubscribeSubscribedUnsubscribe124K 











Loading...
    









Loading...
    













        Working...","19,704 views







503

Like this video?

      Sign in to make your opinion count.
    
Sign in



504


11

Don't like this video?

      Sign in to make your opinion count.
    
Sign in



12",https://i.ytimg.com/vi/o8f2w0Q0ME4/maxresdefault.jpg,1280,720,A background in Statistics can prepare you for a wide range of job opportunities ranging from being a pure statistical researcher to a highly sought after da...,1280.0,720.0,machine learning,https://www.youtube.com/watch?v=o8f2w0Q0ME4,411
1392,Data Science Workflows using Docker Containers,1,"22,195 views","Published on Nov 14, 2017",Science & Technology,Data Science Workflows using Docker Containers,"Chicago Python Users Group













Loading...
    







        Unsubscribe from Chicago Python Users Group?
      


Cancel
Unsubscribe










        Working...
    










SubscribeSubscribedUnsubscribe650 











Loading...
    









Loading...
    













        Working...","22,195 views







421

Like this video?

      Sign in to make your opinion count.
    
Sign in



422


3

Don't like this video?

      Sign in to make your opinion count.
    
Sign in



4",https://i.ytimg.com/vi/oO8n3y23b6M/maxresdefault.jpg,1280,720,Containerization technologies such as Docker enable software to run across various computing environments. Data Science requires auditable workflows where we...,1280.0,720.0,chicago,https://www.youtube.com/watch?v=oO8n3y23b6M,371
1448,Data Science Syllabus,0,95 views,"Published on Apr 19, 2020",People & Blogs,Data Science Syllabus,"Last Minute Engineering













Loading...
    







        Unsubscribe from Last Minute Engineering?
      


Cancel
Unsubscribe










        Working...
    










SubscribeSubscribedUnsubscribe24 











Loading...
    









Loading...
    













        Working...","95 views







21

Like this video?

      Sign in to make your opinion count.
    
Sign in



22


0

Don't like this video?

      Sign in to make your opinion count.
    
Sign in



1",https://i.ytimg.com/vi/qSpf7e7tTLU/hqdefault.jpg,480,360,This is my 1st video covering high level Insight on Data Science Syllabus for Beginners,1280.0,720.0,Beginners,https://www.youtube.com/watch?v=qSpf7e7tTLU,351
1454,Q-Learning Explained - A Reinforcement Learning Technique,0,"45,357 views","Published on Oct 5, 2018",Education,Q-Learning Explained - A Reinforcement Learning Technique,"deeplizard













Loading...
    







        Unsubscribe from deeplizard?
      


Cancel
Unsubscribe










        Working...
    










SubscribeSubscribedUnsubscribe62.5K 











Loading...
    









Loading...
    













        Working...","45,357 views







993

Like this video?

      Sign in to make your opinion count.
    
Sign in



994


13

Don't like this video?

      Sign in to make your opinion count.
    
Sign in



14",https://i.ytimg.com/vi/qhRNvCVVJaA/maxresdefault.jpg,1280,720,"Welcome back to this series on reinforcement learning! In this video, we‚Äôll be introducing the idea of Q-learning with value iteration, which is a reinforcem...",1280.0,720.0,experience replay,https://www.youtube.com/watch?v=qhRNvCVVJaA,0.4
1457,The most important skills of data scientists | Jose Miguel Cansado | TEDxIEMadrid,0,"161,425 views","Published on Jul 19, 2017",Nonprofits & Activism,The most important skills of data scientists | Jose Miguel Cansado | TEDxIEMadrid,"TEDx Talks














Loading...
    







        Unsubscribe from TEDx Talks?
      


Cancel
Unsubscribe










        Working...
    










SubscribeSubscribedUnsubscribe24.2M 











Loading...
    









Loading...
    













        Working...","161,425 views







1,908

Like this video?

      Sign in to make your opinion count.
    
Sign in



1,909


131

Don't like this video?

      Sign in to make your opinion count.
    
Sign in



132",https://i.ytimg.com/vi/qrhRfPY4F4w/maxresdefault.jpg,1280,720,"How big data starts to drive the world, and what kind of skills will you need to interpret it? General Director of Alto Data Analytics, Jose Miguel Cansado, ...",1280.0,720.0,Science,https://www.youtube.com/watch?v=qrhRfPY4F4w,379
1465,Building a Data Science Startup & Getting Into Data Science (w/ Jeremie Harris from SharpestMinds),0,"2,680 views","Published on Dec 1, 2019",Education,Building a Data Science Startup & Getting Into Data Science (w/ Jeremie Harris from SharpestMinds),"Towards Data Science













Loading...
    







        Unsubscribe from Towards Data Science?
      


Cancel
Unsubscribe










        Working...
    










SubscribeSubscribedUnsubscribe3.55K 











Loading...
    









Loading...
    













        Working...","2,680 views







58

Like this video?

      Sign in to make your opinion count.
    
Sign in



59


1

Don't like this video?

      Sign in to make your opinion count.
    
Sign in



2",https://i.ytimg.com/vi/r5nM4T98J_4/maxresdefault.jpg,1280,720,"In this episode, YK from CS Dojo interviews Jeremie Harris, SharpestMinds Cofounder. They cover a wide range of topics, including how Jeremie built his start...",1280.0,720.0,data science startup,https://www.youtube.com/watch?v=r5nM4T98J_4,354
1477,Data Science Project - 1 : Introduction (Real Estate Price Prediction Project),1,"18,820 views","Published on Dec 31, 2019",Education,Data Science Project - 1 : Introduction (Real Estate Price Prediction Project),"codebasics













Loading...
    







        Unsubscribe from codebasics?
      


Cancel
Unsubscribe










        Working...
    










SubscribeSubscribedUnsubscribe102K 











Loading...
    









Loading...
    













        Working...","18,820 views







304

Like this video?

      Sign in to make your opinion count.
    
Sign in



305


3

Don't like this video?

      Sign in to make your opinion count.
    
Sign in



4",https://i.ytimg.com/vi/rdfbcdP75KI/maxresdefault.jpg,1280,720,This data science project series walks through step by step process of how to build a real estate price prediction website. We will first build a model using...,1280.0,720.0,free data science project,https://www.youtube.com/watch?v=rdfbcdP75KI,545
1478,Uma jornada rumo √† Data Science - Christiano Anderson,0,"24,197 views","Published on Oct 2, 2017",Science & Technology,Uma jornada rumo √† Data Science - Christiano Anderson,"Locaweb














Loading...
    







        Unsubscribe from Locaweb?
      


Cancel
Unsubscribe










        Working...
    










SubscribeSubscribedUnsubscribe15K 











Loading...
    









Loading...
    













        Working...","24,197 views







1,063

Like this video?

      Sign in to make your opinion count.
    
Sign in



1,064


11

Don't like this video?

      Sign in to make your opinion count.
    
Sign in



12",https://i.ytimg.com/vi/repvSAPjB-s/maxresdefault.jpg,1280,720,"Existem muitos mitos sobre big data e data science, muitos querem come√ßar, mas n√£o sabem por onde come√ßar. Essa palestra vai mostrar os principais mitos, ver...",1280.0,720.0,,https://www.youtube.com/watch?v=repvSAPjB-s,0.39
1492,Coronavirus Outbreak Prediction Using Machine Learning | Covid-19 Outbreak Prediction | Simplilearn,0,"66,310 views","Streamed live on Mar 18, 2020",Education,"#MachineLearning #MachineLearningAlgorithms #Datasciencecourse



    Coronavirus Outbreak Prediction Using Machine Learning | Covid-19 Outbreak Prediction | Simplilearn","Simplilearn














Loading...
    







        Unsubscribe from Simplilearn?
      


Cancel
Unsubscribe










        Working...
    










SubscribeSubscribedUnsubscribe481K 











Loading...
    









Loading...
    













        Working...","66,310 views







507

Like this video?

      Sign in to make your opinion count.
    
Sign in



508


104

Don't like this video?

      Sign in to make your opinion count.
    
Sign in



105",https://i.ytimg.com/vi/sHWKN5dakPw/maxresdefault.jpg,1280,720,"Coronavirus (Covid-19) has become the most buzzed topic these days. Its outbreak has taken the world by storm. In this video, we'll see what Coronavirus is, ...",1280.0,720.0,simplilearn,https://www.youtube.com/watch?v=sHWKN5dakPw,407
1509,IBM Data Science Professional Certificate,0,"15,624 views","Published on Sep 24, 2018",Education,IBM Data Science Professional Certificate,"IBMTraining













Loading...
    







        Unsubscribe from IBMTraining?
      


Cancel
Unsubscribe










        Working...
    










SubscribeSubscribedUnsubscribe 











Loading...
    









Loading...
    













        Working...","15,624 views







181

Like this video?

      Sign in to make your opinion count.
    
Sign in



182


4

Don't like this video?

      Sign in to make your opinion count.
    
Sign in



5",https://i.ytimg.com/vi/stgQeAd8mdI/maxresdefault.jpg,1280,720,"IBM's Sonia Malik meets with Leon Katsnelson and Rav Ahuja, along with Coursera's Kevin McFarland to talk about IBM's Data Science Professional Certificate P...",1280.0,720.0,ibm certificate,https://www.youtube.com/watch?v=stgQeAd8mdI,488
1554,Lecture 7.1 ‚Äî Regularization | The Problem Of Overfitting ‚Äî [ Machine Learning | Andrew Ng],1,"106,982 views","Published on Dec 31, 2016",Science & Technology,Lecture 7.1 ‚Äî Regularization | The Problem Of Overfitting ‚Äî [ Machine Learning | Andrew Ng],"Artificial Intelligence - All in One













Loading...
    







        Unsubscribe from Artificial Intelligence - All in One?
      


Cancel
Unsubscribe










        Working...
    










SubscribeSubscribedUnsubscribe74.9K 











Loading...
    









Loading...
    













        Working...","106,982 views







635

Like this video?

      Sign in to make your opinion count.
    
Sign in



636


19

Don't like this video?

      Sign in to make your opinion count.
    
Sign in



20",https://i.ytimg.com/vi/u73PU6Qwl1I/hqdefault.jpg,480,360,. . . .,640.0,360.0,Andrew Ng Machine Learning Course,https://www.youtube.com/watch?v=u73PU6Qwl1I,0.68
1564,Aalto Bachelor's Programme in Science and Technology - Data Science,0,"1,442 views","Published on Nov 8, 2019",Education,Aalto Bachelor's Programme in Science and Technology - Data Science,"Aalto University













Loading...
    







        Unsubscribe from Aalto University?
      


Cancel
Unsubscribe










        Working...
    










SubscribeSubscribedUnsubscribe16.7K 











Loading...
    









Loading...
    













        Working...","1,442 views







21

Like this video?

      Sign in to make your opinion count.
    
Sign in



22


0

Don't like this video?

      Sign in to make your opinion count.
    
Sign in



1",https://i.ytimg.com/vi/uJUUcZaCMkM/maxresdefault.jpg,1280,720,Data science gives you the foundations to become a top-level expert in the modern knowledge society. Read more about the programme: https://www.aalto.fi/en/s...,1280.0,720.0,Bachelor of Science,https://www.youtube.com/watch?v=uJUUcZaCMkM,407
1646,"Conoce a William Wolf, profesor de Data Science | Behind Platzi",0,"21,838 views","Published on Dec 21, 2016",Education,"Conoce a William Wolf, profesor de Data Science | Behind Platzi","PlatziLab













Loading...
    







        Unsubscribe from PlatziLab?
      


Cancel
Unsubscribe










        Working...
    










SubscribeSubscribedUnsubscribe 











Loading...
    









Loading...
    













        Working...","21,838 views







412

Like this video?

      Sign in to make your opinion count.
    
Sign in



413


19

Don't like this video?

      Sign in to make your opinion count.
    
Sign in



20",https://i.ytimg.com/vi/xqO0KW3O9uU/maxresdefault.jpg,1280,720,"Habla espa√±ol a la perfecci√≥n, es un fan√°tico de las matem√°ticas y te aclara qu√© es lo necesario para aprender Ciencia de Datos. En este segmento de Behind P...",1280.0,720.0,platzilab,https://www.youtube.com/watch?v=xqO0KW3O9uU,396
1654,Statistics - A Full University Course on Data Science Basics,0,"253,126 views","Published on Jun 12, 2019",Education,Statistics - A Full University Course on Data Science Basics,"freeCodeCamp.org














Loading...
    







        Unsubscribe from freeCodeCamp.org?
      


Cancel
Unsubscribe










        Working...
    










SubscribeSubscribedUnsubscribe1.86M 











Loading...
    









Loading...
    













        Working...","253,126 views







6,720

Like this video?

      Sign in to make your opinion count.
    
Sign in



6,721


92

Don't like this video?

      Sign in to make your opinion count.
    
Sign in



93",https://i.ytimg.com/vi/xxpc-HPKN28/maxresdefault.jpg,1280,720,"Learn the essentials of statistics in this complete course. This course introduces the various methods used to collect, organize, summarize, interpret and re...",1280.0,720.0,data science,https://www.youtube.com/watch?v=xxpc-HPKN28,347
1667,"Microsoft R, Data Science and Power BI",0,"14,342 views","Published on Oct 23, 2018",Science & Technology,"#powerbi #rscript #guyinacube



    Microsoft R, Data Science and Power BI","Guy in a Cube













Loading...
    







        Unsubscribe from Guy in a Cube?
      


Cancel
Unsubscribe










        Working...
    










SubscribeSubscribedUnsubscribe100K 











Loading...
    









Loading...
    













        Working...","14,342 views







344

Like this video?

      Sign in to make your opinion count.
    
Sign in



345


18

Don't like this video?

      Sign in to make your opinion count.
    
Sign in



19",https://i.ytimg.com/vi/yj3rZTwJZaA/maxresdefault.jpg,1280,720,"In this video, we are joined by Buck Woody. Buck is a data scientist at Microsoft. We work together to show how you can easily visualize Microsoft R in Power...",1280.0,720.0,r script,https://www.youtube.com/watch?v=yj3rZTwJZaA,448
1678,"NumPy Indexing and Slicing Arrays, Boolean Mask Arrays ,  Numpy Python Data Science",0,"5,643 views","Published on Jul 4, 2018",Education,"NumPy Indexing and Slicing Arrays, Boolean Mask Arrays ,  Numpy Python Data Science","TheEngineeringWorld













Loading...
    







        Unsubscribe from TheEngineeringWorld?
      


Cancel
Unsubscribe










        Working...
    










SubscribeSubscribedUnsubscribe16.9K 











Loading...
    









Loading...
    













        Working...","5,643 views







79

Like this video?

      Sign in to make your opinion count.
    
Sign in



80


4

Don't like this video?

      Sign in to make your opinion count.
    
Sign in



5",https://i.ytimg.com/vi/z4vDLNMDFE4/maxresdefault.jpg,1280,720,"In this Python NumPy Tutorial on Data Science, We discuss Numpy Indexing and Slicing Arrays. We Learn Numpy Boolean Indexing. NumPy is the ultimate package f...",1280.0,720.0,ndarray,https://www.youtube.com/watch?v=z4vDLNMDFE4,576
1693,Data Science and Big Data Analytics: Making Data-Driven Decisions,1,"15,742 views","Published on Nov 9, 2018",Education,Data Science and Big Data Analytics: Making Data-Driven Decisions,"MIT xPRO













Loading...
    







        Unsubscribe from MIT xPRO?
      


Cancel
Unsubscribe










        Working...
    










SubscribeSubscribedUnsubscribe866 











Loading...
    









Loading...
    













        Working...","15,742 views







40

Like this video?

      Sign in to make your opinion count.
    
Sign in



41


1

Don't like this video?

      Sign in to make your opinion count.
    
Sign in



2",https://i.ytimg.com/vi/zdc2v-D7Rmg/maxresdefault.jpg,1280,720,"Discover how to turn big data into even bigger results in our seven-week digital course from MIT. For more info, visit https://learn-xpro.mit.edu/data-science",1280.0,720.0,,https://www.youtube.com/watch?v=zdc2v-D7Rmg,351
595,Kaggle Reading Group: EfficientNet (Part 2) | Kaggle,0,"1,152 views","Streamed live on Oct 23, 2019",Science & Technology,Kaggle Reading Group: EfficientNet (Part 2) | Kaggle,"Kaggle













Loading...
    







        Unsubscribe from Kaggle?
      


Cancel
Unsubscribe










        Working...
    










SubscribeSubscribedUnsubscribe50.5K 











Loading...
    









Loading...
    













        Working...","1,152 views







25

Like this video?

      Sign in to make your opinion count.
    
Sign in



26


2

Don't like this video?

      Sign in to make your opinion count.
    
Sign in



3",https://i.ytimg.com/vi/LRpzb17B1BM/hqdefault.jpg,480,360,"This week we'll be starting EfficientNet (Tan & Le, 2019), which was published at ICML 2019. The paper proposes a new family of models that are both smaller ...",1280.0,720.0,reading group,https://www.youtube.com/watch?v=LRpzb17B1BM,57
731,Kaggle Competition - House Prices; Advanced Regression Techniques Walkthrough,0,"17,757 views","Published on Jun 24, 2018",Education,Kaggle Competition - House Prices; Advanced Regression Techniques Walkthrough,"Nimeshika Ranasinghe













Loading...
    







        Unsubscribe from Nimeshika Ranasinghe?
      


Cancel
Unsubscribe










        Working...
    










SubscribeSubscribedUnsubscribe77 











Loading...
    









Loading...
    













        Working...","17,757 views







144

Like this video?

      Sign in to make your opinion count.
    
Sign in



145


18

Don't like this video?

      Sign in to make your opinion count.
    
Sign in



19",https://i.ytimg.com/vi/Qq2X-K2Ku3s/hqdefault.jpg,480,360,Selected Algorithm: Linear Regression Used Technologies: - Python 3 - PyCharm Kaggle link: https://www.kaggle.com/c/house-prices-advanced-regression-techniqu...,1280.0,720.0,Linear Regression,https://www.youtube.com/watch?v=Qq2X-K2Ku3s,173
721,"Dashboarding with Notebooks, Day 1: What information to include | Kaggle",1,"10,862 views","Streamed live on Dec 17, 2018",Science & Technology,"Dashboarding with Notebooks, Day 1: What information to include | Kaggle","Kaggle













Loading...
    







        Unsubscribe from Kaggle?
      


Cancel
Unsubscribe










        Working...
    










SubscribeSubscribedUnsubscribe50.5K 











Loading...
    









Loading...
    













        Working...","10,862 views







263

Like this video?

      Sign in to make your opinion count.
    
Sign in



264


4

Don't like this video?

      Sign in to make your opinion count.
    
Sign in



5",https://i.ytimg.com/vi/QO2ihJS2QLM/maxresdefault.jpg,1280,720,This livestream is for the first day of the Kaggle's Dashboarding with Notebooks educational event. Today Rachael will cover how to figure out what informati...,1280.0,720.0,CS,https://www.youtube.com/watch?v=QO2ihJS2QLM,77
739,QU√â ES EL MACHINE LEARNING Y C√ìMO FUNCIONA,0,"2,272 views","Published on Oct 2, 2019",Creative Commons Attribution license (reuse allowed),QU√â ES EL MACHINE LEARNING Y C√ìMO FUNCIONA,"OpenWebinars













Loading...
    







        Unsubscribe from OpenWebinars?
      


Cancel
Unsubscribe










        Working...
    










SubscribeSubscribedUnsubscribe55.1K 











Loading...
    









Loading...
    













        Working...","2,272 views







57

Like this video?

      Sign in to make your opinion count.
    
Sign in



58


4

Don't like this video?

      Sign in to make your opinion count.
    
Sign in



5",https://i.ytimg.com/vi/R52sBUnHhEo/maxresdefault.jpg,1280,720,En el sector tecnol√≥gico hoy en d√≠a se habla mucho sobre el t√©rmino Machine Learning y son muchas las empresas interesadas en saber utilizar esta t√©cnica par...,1280.0,720.0,inteligencia artificial,https://www.youtube.com/watch?v=R52sBUnHhEo,118
802,6 Steps for More Professional Data Science Code | Kaggle,0,"6,116 views","Streamed live on Sep 25, 2019",Science & Technology,6 Steps for More Professional Data Science Code | Kaggle,"Kaggle













Loading...
    







        Unsubscribe from Kaggle?
      


Cancel
Unsubscribe










        Working...
    










SubscribeSubscribedUnsubscribe50.5K 











Loading...
    









Loading...
    













        Working...","6,116 views







182

Like this video?

      Sign in to make your opinion count.
    
Sign in



183


3

Don't like this video?

      Sign in to make your opinion count.
    
Sign in



4",https://i.ytimg.com/vi/Trar7GZOPl8/hqdefault.jpg,480,360,In this special stream Rachael talks about 6 steps to take your code from rough-and-ready to polished and professional! Join in live and be sure to bring you...,1280.0,720.0,reading group,https://www.youtube.com/watch?v=Trar7GZOPl8,166
665,"How to scale machine learning experiments in the cloud? - Shashank Prasanna, AWS",0,181 views,"Published on Nov 27, 2019",Science & Technology,"How to scale machine learning experiments in the cloud? - Shashank Prasanna, AWS","SAIConference













Loading...
    







        Unsubscribe from SAIConference?
      


Cancel
Unsubscribe










        Working...
    










SubscribeSubscribedUnsubscribe1.33K 











Loading...
    









Loading...
    













        Working...","181 views







4

Like this video?

      Sign in to make your opinion count.
    
Sign in



5


0

Don't like this video?

      Sign in to make your opinion count.
    
Sign in



1",https://i.ytimg.com/vi/OM7Jf4TY1Lg/maxresdefault.jpg,1280,720,"Shashank Prasanna is an AI & Machine Learning Technical Evangelist at Amazon Web Services (AWS) where he focuses on helping engineers, developers and data sc...",1280.0,720.0,AWS,https://www.youtube.com/watch?v=OM7Jf4TY1Lg,103
1099,The Company of Biologists Workshops - Data Science in Cell Imaging,0,"1,419 views","Published on Mar 26, 2020",Creative Commons Attribution license (reuse allowed),The Company of Biologists Workshops - Data Science in Cell Imaging,"The Company of Biologists













Loading...
    







        Unsubscribe from The Company of Biologists?
      


Cancel
Unsubscribe










        Working...
    










SubscribeSubscribedUnsubscribe3.1K 











Loading...
    









Loading...
    













        Working...","1,419 views







1

Like this video?

      Sign in to make your opinion count.
    
Sign in



2


0

Don't like this video?

      Sign in to make your opinion count.
    
Sign in



1",https://i.ytimg.com/vi/dosYCNuGrJQ/maxresdefault.jpg,1280,720,"The Company of Biologists Workshop 'Data Science in Cell Imaging' took place at Wiston House, West Sussex (UK) between 2 - 5 February 2020, and was organised...",1280.0,720.0,biology,https://www.youtube.com/watch?v=dosYCNuGrJQ,167
1152,How to submit your predictions on kaggle?,0,"1,494 views","Published on Jun 13, 2019",People & Blogs,How to submit your predictions on kaggle?,"Data Dictionary













Loading...
    







        Unsubscribe from Data Dictionary?
      


Cancel
Unsubscribe










        Working...
    










SubscribeSubscribedUnsubscribe19 











Loading...
    









Loading...
    













        Working...","1,494 views







13

Like this video?

      Sign in to make your opinion count.
    
Sign in



14


1

Don't like this video?

      Sign in to make your opinion count.
    
Sign in



2",https://i.ytimg.com/vi/foKbNwP71Tg/hqdefault.jpg,480,360,"This video provides practical go through to how to create,code,commit a kernel & submit your predictions on kaggle",640.0,360.0,#datascience #kaggle #kernel #titanic #machinelearning #beginner,https://www.youtube.com/watch?v=foKbNwP71Tg,83
1431,"Covid-19 Kaggle - CoronaWhy Call: Mar 21, 2020",0,,"Published on Mar 21, 2020",People & Blogs,"Covid-19 Kaggle - CoronaWhy Call: Mar 21, 2020","CoronaWhy













Loading...
    







        Unsubscribe from CoronaWhy?
      


Cancel
Unsubscribe










        Working...
    










SubscribeSubscribedUnsubscribe66 











Loading...
    









Loading...
    













        Working...",,https://i.ytimg.com/vi/pjHmqIXdoG0/hqdefault.jpg,480,360,"Mar 21, 2020 - Call Summary - figure out the missing title data from visualization https://trello.com/c/VhClMvu3/12-figure-out-the-missing-title-data-from-vi...",640.0,360.0,,https://www.youtube.com/watch?v=pjHmqIXdoG0,0.0
1684,What are the Prerequisites To Learn Data Science,0,"9,405 views","Published on Nov 21, 2019",Education,What are the Prerequisites To Learn Data Science,"Krish Naik













Loading...
    







        Unsubscribe from Krish Naik?
      


Cancel
Unsubscribe










        Working...
    










SubscribeSubscribedUnsubscribe146K 











Loading...
    









Loading...
    













        Working...","9,405 views







386

Like this video?

      Sign in to make your opinion count.
    
Sign in



387


7

Don't like this video?

      Sign in to make your opinion count.
    
Sign in



8",https://i.ytimg.com/vi/zKhHXveVQlY/hqdefault.jpg,480,360,"Please join as a member in my channel to get additional benefits like materials in Data Science, live streaming for Members and many more https://www.youtube...",1280.0,720.0,Data Science,https://www.youtube.com/watch?v=zKhHXveVQlY,65
856,"SQL for Data Science Intro.  Free course, follow along in a SQL browser!",0,,"Published on Dec 30, 2019",People & Blogs,"SQL for Data Science Intro.  Free course, follow along in a SQL browser!","Kristen Kehrer













Loading...
    







        Unsubscribe from Kristen Kehrer?
      


Cancel
Unsubscribe










        Working...
    










SubscribeSubscribedUnsubscribe498 











Loading...
    









Loading...
    













        Working...",,https://i.ytimg.com/vi/W5AiLYR02l8/hqdefault.jpg,480,360,The SQL browser to follow along with the course is here: https://kristenkehrer.github.io/datamovesme-sqlcourse/ To find all of the cheat sheets with SQL quer...,1280.0,720.0,,https://www.youtube.com/watch?v=W5AiLYR02l8,55
1222,Lecture 9 - Approx/Estimation Error & ERM | Stanford CS229: Machine Learning (Autumn 2018),0,187 views,"Published on Apr 17, 2020",Education,Lecture 9 - Approx/Estimation Error & ERM | Stanford CS229: Machine Learning (Autumn 2018),"stanfordonline













Loading...
    







        Unsubscribe from stanfordonline?
      


Cancel
Unsubscribe










        Working...
    










SubscribeSubscribedUnsubscribe150K 











Loading...
    









Loading...
    













        Working...","187 views







2

Like this video?

      Sign in to make your opinion count.
    
Sign in



3


0

Don't like this video?

      Sign in to make your opinion count.
    
Sign in



1",https://i.ytimg.com/vi/iVOxMcumR4A/maxresdefault.jpg,1280,720,Take an adapted version of this course as part of the Stanford Artificial Intelligence Professional Program. Learn more at: https://stanford.io/3bhmLce Anand...,1280.0,720.0,,https://www.youtube.com/watch?v=iVOxMcumR4A,106
1110,Time Series Analysis in Python | Time Series Forecasting | Data Science with Python | Edureka,1,"215,370 views","Published on May 31, 2018",Education,"#timeseries #timeseriespython #machinelearningalgorithms



    Time Series Analysis in Python | Time Series Forecasting | Data Science with Python | Edureka","edureka!














Loading...
    







        Unsubscribe from edureka!?
      


Cancel
Unsubscribe










        Working...
    










SubscribeSubscribedUnsubscribe1.61M 











Loading...
    









Loading...
    













        Working...","215,370 views







2,802

Like this video?

      Sign in to make your opinion count.
    
Sign in



2,803


195

Don't like this video?

      Sign in to make your opinion count.
    
Sign in



196",https://i.ytimg.com/vi/e8Yw4alG16Q/maxresdefault.jpg,1280,720,** Python Data Science Training : https://www.edureka.co/data-science-python-certification-course ** This Edureka Video on Time Series Analysis n Python will...,1280.0,720.0,edureka,https://www.youtube.com/watch?v=e8Yw4alG16Q,323
993,Python for Machine Learning Engineers #1,0,830 views,"Published on Dec 6, 2019",Science & Technology,Python for Machine Learning Engineers #1,"rage with the machine













Loading...
    







        Unsubscribe from rage with the machine?
      


Cancel
Unsubscribe










        Working...
    










SubscribeSubscribedUnsubscribe838 











Loading...
    









Loading...
    













        Working...","830 views







16

Like this video?

      Sign in to make your opinion count.
    
Sign in



17


0

Don't like this video?

      Sign in to make your opinion count.
    
Sign in



1",https://i.ytimg.com/vi/aBgH2wrRG_E/maxresdefault.jpg,1280,720,Python for Machine Learning Engineers #1,1280.0,720.0,,https://www.youtube.com/watch?v=aBgH2wrRG_E,172
776,Deep Learning Formulas for NLP Applications | Chenglong Chen | Kaggle,0,575 views,"Published on Jan 7, 2020",Science & Technology,Deep Learning Formulas for NLP Applications | Chenglong Chen | Kaggle,"Kaggle













Loading...
    







        Unsubscribe from Kaggle?
      


Cancel
Unsubscribe










        Working...
    










SubscribeSubscribedUnsubscribe50.5K 











Loading...
    









Loading...
    













        Working...","575 views







10

Like this video?

      Sign in to make your opinion count.
    
Sign in



11


3

Don't like this video?

      Sign in to make your opinion count.
    
Sign in



4",https://i.ytimg.com/vi/SmsAI0kLJFc/maxresdefault.jpg,1280,720,Content note: Speaker is presenting in Mandarin but presentation and subtitles are in English. Kaggle Days China edition was held on October 19-20 at Damei C...,1280.0,720.0,CS,https://www.youtube.com/watch?v=SmsAI0kLJFc,34
733,Data Science Course | Data Science Tutorial | Intellipaat,0,"102,791 views","Published on Mar 27, 2020",Education,"#datascience #datasciencecourse #datasciencecourses



    Data Science Course | Data Science Tutorial | Intellipaat","Intellipaat













Loading...
    







        Unsubscribe from Intellipaat?
      


Cancel
Unsubscribe










        Working...
    










SubscribeSubscribedUnsubscribe469K 











Loading...
    









Loading...
    













        Working...","102,791 views







6,018

Like this video?

      Sign in to make your opinion count.
    
Sign in



6,019


84

Don't like this video?

      Sign in to make your opinion count.
    
Sign in



85",https://i.ytimg.com/vi/QtYOI-9R1vo/maxresdefault.jpg,1280,720,In this data science course video you will know everything you need to become a data scientist. This data science tutorial covers topics such as what is data...,1280.0,720.0,data scientist training,https://www.youtube.com/watch?v=QtYOI-9R1vo,247
1326,How to Update a Dataset On Kaggle | Kaggle,0,798 views,"Published on Nov 4, 2019",Science & Technology,How to Update a Dataset On Kaggle | Kaggle,"Kaggle













Loading...
    







        Unsubscribe from Kaggle?
      


Cancel
Unsubscribe










        Working...
    










SubscribeSubscribedUnsubscribe50.5K 











Loading...
    









Loading...
    













        Working...","798 views







25

Like this video?

      Sign in to make your opinion count.
    
Sign in



26


0

Don't like this video?

      Sign in to make your opinion count.
    
Sign in



1",https://i.ytimg.com/vi/m--1LEvNmKw/maxresdefault.jpg,1280,720,"So you've created a Kaggle dataset but you have new data to upload or you want to change one of your files. What should you do? Update your dataset, of cours...",1280.0,720.0,CS,https://www.youtube.com/watch?v=m--1LEvNmKw,54
1604,Deep Learning Full Course | Deep Learning Tutorial | Learn Deep Learning From Scratch | Simplilearn,0,"17,340 views","Published on Oct 17, 2019",Education,"#DeepLearningFullCourse #DeepLearningUseCases #DeepLearningApplicationsInRealLife



    Deep Learning Full Course | Deep Learning Tutorial | Learn Deep Learning From Scratch | Simplilearn","Simplilearn














Loading...
    







        Unsubscribe from Simplilearn?
      


Cancel
Unsubscribe










        Working...
    










SubscribeSubscribedUnsubscribe481K 











Loading...
    









Loading...
    













        Working...","17,340 views







374

Like this video?

      Sign in to make your opinion count.
    
Sign in



375


20

Don't like this video?

      Sign in to make your opinion count.
    
Sign in



21",https://i.ytimg.com/vi/ve-Tj7kUemg/maxresdefault.jpg,1280,720,"This full course video on Deep Learning covers all the concepts and techniques that will help you become an expert in Deep Learning. First, you will learn th...",1280.0,720.0,simplilearn,https://www.youtube.com/watch?v=ve-Tj7kUemg,24
641,Kaggle Open Images 2019 ‚Äî Artur Kuzin,0,"1,880 views","Published on Dec 3, 2019",Education,"–§–ö–ù –í–®–≠



    Kaggle Open Images 2019 ‚Äî Artur Kuzin","ML Trainings













Loading...
    







        Unsubscribe from ML Trainings?
      


Cancel
Unsubscribe










        Working...
    










SubscribeSubscribedUnsubscribe10K 











Loading...
    









Loading...
    













        Working...","1,880 views







57

Like this video?

      Sign in to make your opinion count.
    
Sign in



58


1

Don't like this video?

      Sign in to make your opinion count.
    
Sign in



2",https://i.ytimg.com/vi/NGnOY-AzDBg/maxresdefault.jpg,1280,720,Artur Kuzin tells about his participation in Kaggle Open Images 2019 in English. He got a gold medal in each of the three competitions. In this video you wil...,1280.0,720.0,grandmaster,https://www.youtube.com/watch?v=NGnOY-AzDBg,83
1652,Workshop Data & Machine Learning - L√†m sao ƒë·ªÉ b·∫Øt ƒë·∫ßu?,0,"62,039 views","Published on Sep 8, 2018",Science & Technology,"#thanhvu0795



    Workshop Data & Machine Learning - L√†m sao ƒë·ªÉ b·∫Øt ƒë·∫ßu?","Tinh t·∫ø














Loading...
    







        Unsubscribe from Tinh t·∫ø?
      


Cancel
Unsubscribe










        Working...
    










SubscribeSubscribedUnsubscribe819K 











Loading...
    









Loading...
    













        Working...","62,039 views







1,835

Like this video?

      Sign in to make your opinion count.
    
Sign in



1,836


29

Don't like this video?

      Sign in to make your opinion count.
    
Sign in



30",https://i.ytimg.com/vi/xvdXi4ejk2w/maxresdefault.jpg,1280,720,Workshop Data & Machine Learning - L√†m sao ƒë·ªÉ b·∫Øt ƒë·∫ßu? - Chi ti·∫øt v·ªÅ video trong b√†i vi·∫øt: - Trong khu v·ª±c: - Website Tinh t·∫ø: http://www.tinhte.vn - Fanpage...,1280.0,720.0,data machine learning,https://www.youtube.com/watch?v=xvdXi4ejk2w,68
1226,Lecture 4 - Perceptron & Generalized Linear Model | Stanford CS229: Machine Learning (Autumn 2018),0,361 views,"Published on Apr 17, 2020",Education,Lecture 4 - Perceptron & Generalized Linear Model | Stanford CS229: Machine Learning (Autumn 2018),"stanfordonline













Loading...
    







        Unsubscribe from stanfordonline?
      


Cancel
Unsubscribe










        Working...
    










SubscribeSubscribedUnsubscribe150K 











Loading...
    









Loading...
    













        Working...","361 views







6

Like this video?

      Sign in to make your opinion count.
    
Sign in



7


0

Don't like this video?

      Sign in to make your opinion count.
    
Sign in



1",https://i.ytimg.com/vi/iZTeva0WSTQ/maxresdefault.jpg,1280,720,Take an adapted version of this course as part of the Stanford Artificial Intelligence Professional Program. Learn more at: https://stanford.io/3bhmLce Anand...,1280.0,720.0,,https://www.youtube.com/watch?v=iZTeva0WSTQ,135
1179,C Programming for Machine Learning (LIVE),0,"37,524 views","Streamed live on Aug 31, 2018",Education,C Programming for Machine Learning (LIVE),"Siraj Raval














Loading...
    







        Unsubscribe from Siraj Raval?
      


Cancel
Unsubscribe










        Working...
    










SubscribeSubscribedUnsubscribe701K 











Loading...
    









Loading...
    













        Working...","37,524 views







955

Like this video?

      Sign in to make your opinion count.
    
Sign in



956


31

Don't like this video?

      Sign in to make your opinion count.
    
Sign in



32",https://i.ytimg.com/vi/giF8XoPTMFg/hqdefault.jpg,480,360,"The ability to write implementations of machine learning algorithms in pure C allows developers to very efficiently manage memory allocation, concurrency, an...",1280.0,720.0,live programming,https://www.youtube.com/watch?v=giF8XoPTMFg,66
1217,HOW TO BECOME DATA SCIENTIST IN 2020- in Hindi| SALARY OF DATA SCIENTIST| Sangwans Studio|,0,"325,418 views","Published on Nov 16, 2019",Entertainment,"#DataScientist #Sangwansstudio #IndianYoutuber



    HOW TO BECOME DATA SCIENTIST IN 2020- in Hindi| SALARY OF DATA SCIENTIST| Sangwans Studio|","Sangwans Studio













Loading...
    







        Unsubscribe from Sangwans Studio?
      


Cancel
Unsubscribe










        Working...
    










SubscribeSubscribedUnsubscribe472K 











Loading...
    









Loading...
    













        Working...","325,418 views







20,155

Like this video?

      Sign in to make your opinion count.
    
Sign in



20,156


582

Don't like this video?

      Sign in to make your opinion count.
    
Sign in



583",https://i.ytimg.com/vi/iLcvvVXBSFo/maxresdefault.jpg,1280,720,"Hello Dosto, Awesome Data Science 6 Courses Bundle- http://www.a-leap.com/bundles?bundle_id=data-scientist-bundle 2 months Free Skillshare Link-https://skill...",1280.0,720.0,sonia,https://www.youtube.com/watch?v=iLcvvVXBSFo,93
768,Deep Learning in JS - Ashi Krishnan - JSConf EU 2018,0,"81,684 views","Published on Jun 6, 2018",Science & Technology,Deep Learning in JS - Ashi Krishnan - JSConf EU 2018,"JSConf













Loading...
    







        Unsubscribe from JSConf?
      


Cancel
Unsubscribe










        Working...
    










SubscribeSubscribedUnsubscribe160K 











Loading...
    









Loading...
    













        Working...","81,684 views




Like this video?

      Sign in to make your opinion count.
    
Sign in








Don't like this video?

      Sign in to make your opinion count.
    
Sign in",https://i.ytimg.com/vi/SV-cgdobtTA/maxresdefault.jpg,1280,720,"It‚Äôs clear by now that the robots are coming for us. Breakthroughs in AI fill our streams and news feeds, themselves the products of AI, the echoing algorith...",1280.0,720.0,deep learning,https://www.youtube.com/watch?v=SV-cgdobtTA,34
639,Python for Data Science | Live Session | Great Learning,0,"8,785 views","Streamed live on Apr 10, 2020",Education,Python for Data Science | Live Session | Great Learning,"Great Learning













Loading...
    







        Unsubscribe from Great Learning?
      


Cancel
Unsubscribe










        Working...
    










SubscribeSubscribedUnsubscribe124K 











Loading...
    









Loading...
    













        Working...","8,785 views







246

Like this video?

      Sign in to make your opinion count.
    
Sign in



247


13

Don't like this video?

      Sign in to make your opinion count.
    
Sign in



14",https://i.ytimg.com/vi/N8m4c_ZkZTA/maxresdefault.jpg,1280,720,"Python has been taking the programming world by storm over the past few years, and has quickly established itself as the language of choice for Data Science....",1280.0,720.0,numpy,https://www.youtube.com/watch?v=N8m4c_ZkZTA,209
1102,Machine Learning in ArcGIS,0,"12,616 views","Published on Aug 22, 2018",Science & Technology,Machine Learning in ArcGIS,"Esri Events













Loading...
    







        Unsubscribe from Esri Events?
      


Cancel
Unsubscribe










        Working...
    










SubscribeSubscribedUnsubscribe22.1K 











Loading...
    









Loading...
    













        Working...","12,616 views







158

Like this video?

      Sign in to make your opinion count.
    
Sign in



159


0

Don't like this video?

      Sign in to make your opinion count.
    
Sign in



1",https://i.ytimg.com/vi/duZ7jor_YrU/hqdefault.jpg,480,360,"Machine Learning (ML) refers to a set of data-driven algorithms and techniques that automate the prediction, classification, and clustering of data. Machine ...",1280.0,720.0,IBM Watson,https://www.youtube.com/watch?v=duZ7jor_YrU,136
1029,Quantum Machine Learning - 04 - Multiple Qubits,0,524 views,"Published on Dec 27, 2019",Science & Technology,Quantum Machine Learning - 04 - Multiple Qubits,"Quantum ML













Loading...
    







        Unsubscribe from Quantum ML?
      


Cancel
Unsubscribe










        Working...
    










SubscribeSubscribedUnsubscribe300 











Loading...
    









Loading...
    













        Working...","524 views







6

Like this video?

      Sign in to make your opinion count.
    
Sign in



7


0

Don't like this video?

      Sign in to make your opinion count.
    
Sign in



1",https://i.ytimg.com/vi/bNCC0YMLHuk/maxresdefault.jpg,1280,720,"Quantum Machine Learning MOOC, created by Peter Wittek from the University of Toronto in Spring 2019. Lecture 3: Multiple Qubits Peter disappeared in the Him...",1280.0,720.0,quantum computing,https://www.youtube.com/watch?v=bNCC0YMLHuk,113
779,"Getting to Top 4% in Kaggle's Titanic Competition - Part 1, scikit-learn",0,44 views,"Published on Jan 5, 2020",Science & Technology,"Getting to Top 4% in Kaggle's Titanic Competition - Part 1, scikit-learn","Vlad Iliescu













Loading...
    







        Unsubscribe from Vlad Iliescu?
      


Cancel
Unsubscribe










        Working...
    










SubscribeSubscribedUnsubscribe4 











Loading...
    









Loading...
    













        Working...","44 views







0

Like this video?

      Sign in to make your opinion count.
    
Sign in



1


0

Don't like this video?

      Sign in to make your opinion count.
    
Sign in



1",https://i.ytimg.com/vi/Sybng5lRw7I/maxresdefault.jpg,1280,720,"First part of a series on how to get ahead of the Titanic machine learning competition, with as little effort as possible. In this episode I discuss the Tita...",1280.0,720.0,,https://www.youtube.com/watch?v=Sybng5lRw7I,48